﻿{"cameraMode":{"drawMode":0,"name":"Shaded","section":"Shading Mode"},"sceneLighting":true,"audioPlay":false,"sceneViewState":{"showFog":true,"showMaterialUpdate":false,"showSkybox":true,"showFlares":true,"showImageEffects":true,"showParticleSystems":true},"in2DMode":false,"pivot":{"x":1.6299999952316285,"y":1.6299999952316285,"z":3.4700000286102297},"rotation":{"x":-0.16456495225429536,"y":0.0005925512523390353,"z":-0.0000978129100985825,"w":-0.9863660931587219},"size":2.857884645462036,"orthographic":false}