﻿{"cameraMode":{"drawMode":0,"name":"Shaded","section":"Shading Mode"},"sceneLighting":true,"audioPlay":false,"sceneViewState":{"showFog":true,"showMaterialUpdate":false,"showSkybox":true,"showFlares":true,"showImageEffects":true,"showParticleSystems":true},"in2DMode":false,"pivot":{"x":300.91656494140627,"y":31.6934814453125,"z":199.4783935546875},"rotation":{"x":-0.2737026810646057,"y":0.0611208900809288,"z":-0.017430182546377183,"w":-0.9597120881080627},"size":1182.9669189453125,"orthographic":false}